t_binance_ms,t_received_ns,t_sent_ns
1777485025179,1777485024892077720,1777485024899547733
1777485025738,1777485025445290718,1777485025445464350
1777485025738,1777485025445900550,1777485025446026757
1777485025738,1777485025446618151,1777485025446814559
1777485025738,1777485025447246618,1777485025447407432
1777485025738,1777485025447984628,1777485025448963219
1777485025738,1777485025449391728,1777485025449625407
1777485025738,1777485025450451071,1777485025450598081
1777485025738,1777485025450925133,1777485025451015449
1777485025738,1777485025451316273,1777485025451386476
1777485025738,1777485025452068778,1777485025452193406
1777485025738,1777485025452567489,1777485025452660960
1777485025738,1777485025453024198,1777485025453115204
1777485025738,1777485025454171589,1777485025454270089
1777485025738,1777485025454633622,1777485025454722459
1777485025738,1777485025455489950,1777485025455592789
1777485025738,1777485025455906924,1777485025456013410
1777485025738,1777485025456223030,1777485025456309304
1777485025738,1777485025456557970,1777485025456620284
1777485025738,1777485025457413509,1777485025457518615
1777485025738,1777485025457744603,1777485025457797156
1777485025739,1777485025458444555,1777485025458545914
1777485025739,1777485025458820708,1777485025458910630
1777485025739,1777485025459196270,1777485025459257007
1777485025739,1777485025459802552,1777485025459899475
1777485025739,1777485025460150112,1777485025460254627
1777485025739,1777485025460497278,1777485025460549437
1777485025739,1777485025460795933,1777485025460844542
1777485025739,1777485025461077826,1777485025461125745
1777485025739,1777485025461338126,1777485025461391567
1777485025739,1777485025461611146,1777485025461658276
1777485025739,1777485025461878151,1777485025461996370
1777485025739,1777485025462190807,1777485025462242965
1777485025739,1777485025462471418,1777485025462563312
1777485025739,1777485025462793047,1777485025462839881
1777485025739,1777485025463059460,1777485025463103435
1777485025740,1777485025463522972,1777485025463569510
1777485025740,1777485025463806147,1777485025463850516
1777485025740,1777485025464000287,1777485025464053531
1777485025740,1777485025464198963,1777485025464248066
1777485025741,1777485025464408584,1777485025464456700
1777485025741,1777485025464644136,1777485025464693337
1777485025741,1777485025464882744,1777485025464931058
1777485025741,1777485025465156553,1777485025465211768
1777485025885,1777485025587831693,1777485025587972196
1777485025982,1777485025683305957,1777485025683452868
1777485026036,1777485025736402462,1777485025736619971
1777485026286,1777485025983175126,1777485025983328841
1777485026357,1777485026053991184,1777485026054165172
1777485026382,1777485026077954176,1777485026078171637
1777485026382,1777485026078740032,1777485026078850044
1777485026382,1777485026079422678,1777485026079511201
1777485026382,1777485026080056726,1777485026080144952
1777485026382,1777485026080801968,1777485026080887730
1777485026383,1777485026082015057,1777485026082243066
1777485026383,1777485026082769369,1777485026082950750
1777485026589,1777485026283168395,1777485026283331047
1777485026589,1777485026283819792,1777485026283926255
1777485026589,1777485026284432646,1777485026284504311
1777485026589,1777485026284865596,1777485026284964469
1777485026589,1777485026285885178,1777485026285978235
1777485026589,1777485026286539335,1777485026286612775
1777485026589,1777485026287171707,1777485026287354666
1777485026589,1777485026288186656,1777485026288328509
1777485026589,1777485026288618325,1777485026288728928
1777485026589,1777485026289425770,1777485026289538739
1777485026589,1777485026289793659,1777485026289880998
1777485026589,1777485026290095502,1777485026290192896
1777485026589,1777485026290982991,1777485026291138250
1777485026589,1777485026291522996,1777485026291633501
1777485026684,1777485026375390759,1777485026375538625
1777485026835,1777485026524248586,1777485026524383834
1777485026990,1777485026677182672,1777485026677319695
1777485027090,1777485026776230510,1777485026776365462
1777485027358,1777485027040125173,1777485027040338059
1777485027586,1777485027264416537,1777485027264565065
1777485028176,1777485027846237437,1777485027846375912
1777485028236,1777485027906230111,1777485027906466650
1777485028236,1777485027906842058,1777485027907336722
1777485028236,1777485027907734010,1777485027907895449
1777485028236,1777485027908445206,1777485027908558252
1777485028336,1777485028003831926,1777485028004061035
1777485028486,1777485028151677228,1777485028151814496
1777485028584,1777485028247999496,1777485028248189977
1777485028584,1777485028248722793,1777485028248817294
1777485028584,1777485028249199143,1777485028249324882
1777485028639,1777485028302222080,1777485028302410393
1777485028692,1777485028354542315,1777485028354723829
1777485028692,1777485028355092572,1777485028355208260
1777485029192,1777485028847251822,1777485028847401507
1777485029192,1777485028847785524,1777485028847905745
1777485029197,1777485028853279915,1777485028853403092
1777485029197,1777485028853840223,1777485028853966357
1777485029197,1777485028854696649,1777485028855218428
1777485029197,1777485028855490009,1777485028855623730
1777485029197,1777485028856266912,1777485028856337566
1777485029197,1777485028856761985,1777485028856881615
1777485029197,1777485028857423693,1777485028857506862
1777485029197,1777485028858192318,1777485028858369595
1777485029197,1777485028858703159,1777485028858790171
1777485029197,1777485028859656451,1777485028859801111
1777485029197,1777485028860621667,1777485028860736272
1777485029197,1777485028861009528,1777485028861096244
1777485029197,1777485028861762288,1777485028861880439
1777485029197,1777485028862249183,1777485028862332746
1777485029197,1777485028862973957,1777485028863119207
1777485029197,1777485028863578806,1777485028863637734
1777485029197,1777485028863928038,1777485028864020273
1777485029199,1777485028865087283,1777485028865219920
1777485029199,1777485028865785451,1777485028865855021
1777485029199,1777485028866190260,1777485028867111330
1777485029199,1777485028867466474,1777485028867581867
1777485029199,1777485028867819648,1777485028867959084
1777485029199,1777485028868840639,1777485028868944009
1777485029465,1777485029116430320,1777485029116583431
1777485029465,1777485029117283369,1777485029117430372
1777485029465,1777485029117808027,1777485029117971287
1777485029524,1777485029176037468,1777485029176207033
1777485029524,1777485029176610798,1777485029176795438
1777485029524,1777485029177267680,1777485029177329259
1777485029524,1777485029177898255,1777485029178014221
1777485029524,1777485029178617799,1777485029178730022
1777485029524,1777485029179233398,1777485029179373602
1777485029524,1777485029180055806,1777485029180137189
1777485029524,1777485029181239513,1777485029181381096
1777485029524,1777485029181725548,1777485029181965560
1777485029524,1777485029182201730,1777485029182301834
1777485029524,1777485029183209172,1777485029183388196
1777485029524,1777485029183857580,1777485029184044486
1777485029524,1777485029184890048,1777485029185178831
1777485029524,1777485029185568999,1777485029185673931
1777485029524,1777485029185975228,1777485029186067646
1777485029524,1777485029186841972,1777485029187032130
1777485029524,1777485029188001047,1777485029188192979
1777485029524,1777485029189255596,1777485029189511865
1777485029524,1777485029189759366,1777485029190441273
1777485029524,1777485029190767399,1777485029190889572
1777485029524,1777485029191829424,1777485029192065102
1777485029524,1777485029192313489,1777485029192458620
1777485029524,1777485029192685824,1777485029192776567
1777485029524,1777485029193587349,1777485029193751002
1777485029524,1777485029193945298,1777485029194358128
1777485029566,1777485029215608201,1777485029215813926
1777485029601,1777485029250119656,1777485029250270305
1777485029610,1777485029259131752,1777485029259348118
1777485029765,1777485029411683353,1777485029411863362
1777485029769,1777485029415366008,1777485029415537051
1777485029895,1777485029540273212,1777485029540578942
1777485029968,1777485029612610876,1777485029612850001
1777485029968,1777485029613338401,1777485029613579005
1777485029968,1777485029614071543,1777485029614149084
1777485029968,1777485029614997700,1777485029615155146
1777485029968,1777485029615811732,1777485029615989771
1777485029968,1777485029616575220,1777485029616711287
1777485029968,1777485029617772623,1777485029617897063
1777485029968,1777485029618505272,1777485029618634540
1777485029968,1777485029619113875,1777485029619243537
1777485029968,1777485029619681688,1777485029619864160
1777485029968,1777485029620617894,1777485029620750709
1777485029968,1777485029621259307,1777485029621318226
1777485029968,1777485029622234333,1777485029622337097
1777485029968,1777485029622660365,1777485029622738892
1777485029969,1777485029625100788,1777485029625252816
1777485029969,1777485029625689292,1777485029625858266
1777485029969,1777485029626404896,1777485029626473273
1777485029969,1777485029627122273,1777485029627220406
1777485029969,1777485029627645847,1777485029627768612
1777485029969,1777485029628755166,1777485029628962073
1777485029969,1777485029629685855,1777485029629981634
1777485029969,1777485029630435845,1777485029630525307
1777485029969,1777485029630760689,1777485029630851630
1777485029969,1777485029631585757,1777485029631681821
1777485029969,1777485029632474473,1777485029632577237
1777485029969,1777485029632895382,1777485029632948981
1777485029969,1777485029633552165,1777485029633647244
1777485029969,1777485029633998198,1777485029634054063
1777485029971,1777485029634562464,1777485029634658035
1777485029971,1777485029635429011,1777485029635529017
1777485029971,1777485029635956428,1777485029636050719
1777485029971,1777485029636826326,1777485029636933523
1777485029971,1777485029637276004,1777485029637331475
1777485029971,1777485029637754946,1777485029638036044
1777485029971,1777485029638648490,1777485029638740219
1777485029971,1777485029639042796,1777485029639127628
1777485029971,1777485029639733472,1777485029639836039
1777485029976,1777485029640214778,1777485029640308379
1777485029976,1777485029640833727,1777485029640913435
1777485029976,1777485029641190593,1777485029641239167
1777485029976,1777485029641830922,1777485029641998320
1777485029976,1777485029642326514,1777485029642414597
1777485029976,1777485029642913146,1777485029642978075
1777485029976,1777485029643556332,1777485029643669441
1777485029976,1777485029644157250,1777485029644321988
1777485029976,1777485029644972563,1777485029645068923
1777485029976,1777485029645333961,1777485029645918031
1777485029976,1777485029646190164,1777485029646288691
1777485029976,1777485029646684968,1777485029646749208
1777485029976,1777485029647044888,1777485029647128439
1777485029976,1777485029647856359,1777485029647964936
1777485029976,1777485029648802024,1777485029649127755
1777485029976,1777485029649444619,1777485029649593790
1777485029976,1777485029650214117,1777485029650305649
1777485029976,1777485029650610197,1777485029650701532
1777485029976,1777485029651211312,1777485029651276833
1777485029976,1777485029651580396,1777485029651690057
1777485029976,1777485029652322109,1777485029652452559
1777485029976,1777485029653311225,1777485029653445025
1777485030066,1777485029712171437,1777485029712358344
1777485030066,1777485029712787627,1777485029712891967
1777485030066,1777485029713257996,1777485029713334454
1777485030066,1777485029713879507,1777485029713985423
1777485030066,1777485029714348398,1777485029714427417
1777485030066,1777485029714954637,1777485029715049715
1777485030066,1777485029715387763,1777485029715458407
1777485030066,1777485029715927495,1777485029716531960
1777485030066,1777485029716822419,1777485029716939863
1777485030066,1777485029717270127,1777485029717366289
1777485030066,1777485029717971050,1777485029718087608
1777485030066,1777485029718355208,1777485029718434030
1777485030066,1777485029718994946,1777485029719105001
1777485030066,1777485029719722570,1777485029719812328
1777485030066,1777485029720070470,1777485029720253238
1777485030066,1777485029720911597,1777485029720994853
1777485030066,1777485029721597052,1777485029721704644
1777485030066,1777485029722361427,1777485029722478970
1777485030066,1777485029722809825,1777485029722907367
1777485030066,1777485029723443946,1777485029723546513
1777485030066,1777485029724048904,1777485029724147924
1777485030066,1777485029724433555,1777485029724528535
1777485030066,1777485029725112014,1777485029725210935
1777485030066,1777485029725831066,1777485029725946737
1777485030066,1777485029726561153,1777485029726668252
1777485030066,1777485029726895161,1777485029726952208
1777485030066,1777485029727163746,1777485029727264638
1777485030066,1777485029727885853,1777485029727962310
1777485030066,1777485029728540271,1777485029728636532
1777485030066,1777485029728902950,1777485029728954776
1777485030066,1777485029729486035,1777485029729576975
1777485030066,1777485029730162917,1777485029730282332
1777485030066,1777485029730536828,1777485029730610625
1777485030066,1777485029731101291,1777485029731202183
1777485030066,1777485029731458453,1777485029731544664
1777485030066,1777485029731787830,1777485029731884781
1777485030066,1777485029732542844,1777485029732635362
1777485030066,1777485029733127111,1777485029733236378
1777485030066,1777485029733533142,1777485029733585165
1777485030066,1777485029734251012,1777485029734386093
1777485030066,1777485029735709906,1777485029735846859
1777485030066,1777485029736888391,1777485029737047611
1777485030066,1777485029737596803,1777485029737761737
1777485030066,1777485029738921305,1777485029739570797
1777485030066,1777485029740213392,1777485029740839139
1777485030066,1777485029741528239,1777485029742206797
1777485030066,1777485029742800424,1777485029742984473
1777485030066,1777485029743865602,1777485029744000191
1777485030066,1777485029744366614,1777485029744499429
1777485030066,1777485029745814374,1777485029746778168
1777485030066,1777485029747351794,1777485029747518798
1777485030066,1777485029748061092,1777485029748257556
1777485030116,1777485029811521052,1777485029811670025
1777485030116,1777485029811961962,1777485029812107191
1777485030116,1777485029812749589,1777485029812921913
1777485030116,1777485029813178971,1777485029813261537
1777485030116,1777485029813832305,1777485029813967091
1777485030116,1777485029814185427,1777485029814827037
1777485030116,1777485029815314649,1777485029815459976
1777485030116,1777485029816186615,1777485029816354900
1777485030116,1777485029817047054,1777485029817174943
1777485030116,1777485029817886507,1777485029818729112
1777485030116,1777485029819102629,1777485029819219089
1777485030116,1777485029819685024,1777485029819831929
1777485030116,1777485029820305746,1777485029820418166
1777485030116,1777485029821207961,1777485029821363240
1777485030116,1777485029821613302,1777485029821731535
1777485030116,1777485029822998498,1777485029823144712
1777485030116,1777485029827429172,1777485029827603467
1777485030116,1777485029828130292,1777485029828273256
1777485030116,1777485029829682097,1777485029829821612
1777485030116,1777485029830397800,1777485029830537709
1777485030116,1777485029831153504,1777485029831249864
1777485030116,1777485029831926944,1777485029832118776
1777485030116,1777485029832684816,1777485029832788959
1777485030116,1777485029833849113,1777485029834025181
1777485030116,1777485029834752510,1777485029834884930
1777485030116,1777485029835116962,1777485029835189183
1777485030116,1777485029835996614,1777485029836164603
1777485030116,1777485029837032333,1777485029837164852
1777485030116,1777485029838020463,1777485029838189241
1777485030116,1777485029838537830,1777485029838628869
1777485030116,1777485029839261612,1777485029839572663
1777485030116,1777485029840095251,1777485029840222450
1777485030116,1777485029840419111,1777485029840517539
1777485030116,1777485029841396501,1777485029841594049
1777485030116,1777485029842637453,1777485029842850764
1777485030138,1777485029844104722,1777485029844794019
1777485030239,1777485029878974422,1777485029879133346
1777485030350,1777485029988058140,1777485029988229775
1777485030516,1777485030151800114,1777485030152081274
1777485030868,1777485030641383272,1777485030641596858
1777485030880,1777485030652681144,1777485030652816284
1777485030892,1777485030664709537,1777485030664909736
1777485030965,1777485030737333341,1777485030737486887
1777485031156,1777485030924669743,1777485030924915809
1777485031266,1777485031033694788,1777485031033831584
1777485031269,1777485031038464246,1777485031038606896
1777485031269,1777485031039024471,1777485031039160753
1777485031269,1777485031039628240,1777485031039709784
1777485031269,1777485031040124586,1777485031040213215
1777485031269,1777485031040643936,1777485031040734825
1777485031269,1777485031041747543,1777485031041921310
1777485031269,1777485031042570370,1777485031042727294
1777485031269,1777485031043229905,1777485031043346263
1777485031269,1777485031044036094,1777485031044120308
1777485031269,1777485031045020159,1777485031045178932
1777485031269,1777485031045645906,1777485031045769658
1777485031269,1777485031046240946,1777485031046392941
1777485031269,1777485031047021563,1777485031047200465
1777485031269,1777485031048367437,1777485031048535248
1777485031269,1777485031049398127,1777485031049565527
1777485031269,1777485031049886052,1777485031049948390
1777485031269,1777485031050710933,1777485031050906986
1777485031269,1777485031051304535,1777485031051404050
1777485031269,1777485031052344468,1777485031052525527
1777485031269,1777485031053661586,1777485031053830629
1777485031269,1777485031055037757,1777485031055177223
1777485031269,1777485031056090733,1777485031056222085
1777485031269,1777485031056847832,1777485031056940775
1777485031369,1777485031139556201,1777485031139705115
1777485031435,1777485031207605785,1777485031207751412
1777485031915,1777485031700122363,1777485031700282779
1777485032243,1777485032037224117,1777485032037369058
1777485033082,1777485032894428012,1777485032894574486
1777485034094,1777485033924917887,1777485033925098591
1777485034180,1777485034012130718,1777485034012415307
1777485035252,1777485035098846528,1777485035099002746
1777485035331,1777485035178526530,1777485035178704560
1777485035492,1777485035341169336,1777485035341344943
1777485035492,1777485035341832985,1777485035341931139
1777485035492,1777485035342517537,1777485035343276816
1777485035492,1777485035343766777,1777485035343873211
1777485035492,1777485035344245429,1777485035344393568
1777485035492,1777485035345043383,1777485035345140628
1777485035492,1777485035345649271,1777485035345777517
1777485035492,1777485035346844586,1777485035347005954
1777485035492,1777485035347536813,1777485035347658596
1777485035761,1777485035612286458,1777485035612430154
1777485036037,1777485035890885385,1777485035891048268
1777485036054,1777485035907974552,1777485035908160458
1777485036692,1777485036550737593,1777485036550879736
1777485036696,1777485036554982067,1777485036555197094
1777485036696,1777485036555600169,1777485036555695905
1777485036696,1777485036556136429,1777485036556266392
1777485036696,1777485036556974089,1777485036557077073
1777485036696,1777485036557832084,1777485036557937484
1777485036696,1777485036558581157,1777485036558746554
1777485036697,1777485036561184638,1777485036561360908
1777485036697,1777485036562451447,1777485036562544867
1777485036697,1777485036563134581,1777485036563776341
1777485036697,1777485036564271025,1777485036564382565
1777485036697,1777485036564838491,1777485036565067411
1777485036697,1777485036565703131,1777485036565913024
1777485036697,1777485036566502537,1777485036566638540
1777485036697,1777485036567423148,1777485036567509118
1777485036697,1777485036568001487,1777485036568109806
1777485036697,1777485036568687842,1777485036568768981
1777485036697,1777485036569159775,1777485036569249470
1777485036697,1777485036569707410,1777485036569770932
1777485036697,1777485036570419235,1777485036570544064
1777485036697,1777485036571150590,1777485036571239882
1777485036697,1777485036571741411,1777485036571841677
1777485036697,1777485036572496322,1777485036572600916
1777485036697,1777485036573748232,1777485036573850209
1777485036697,1777485036600387558,1777485036600638926
1777485036697,1777485036601076229,1777485036602042342
1777485036698,1777485036602469779,1777485036602577695
1777485036698,1777485036603220563,1777485036603323043
1777485036698,1777485036603910945,1777485036604084900
1777485036698,1777485036604833167,1777485036605017490
1777485036699,1777485036605961154,1777485036606079238
1777485036699,1777485036606939448,1777485036607220010
1777485036699,1777485036608063408,1777485036608187432
1777485036699,1777485036608973650,1777485036609170155
1777485036699,1777485036609832753,1777485036609992010
1777485036699,1777485036610898125,1777485036611159459
1777485036699,1777485036612034467,1777485036612131713
1777485036700,1777485036613003802,1777485036613257284
1777485036700,1777485036613631669,1777485036613759719
1777485036700,1777485036615047467,1777485036615203905
1777485036700,1777485036615879691,1777485036616003815
1777485036700,1777485036616412528,1777485036616534034
1777485036700,1777485036617366661,1777485036617538703
1777485036700,1777485036618447938,1777485036618577196
1777485036700,1777485036619176676,1777485036619917292
1777485036700,1777485036620684786,1777485036620853204
1777485036700,1777485036621626940,1777485036621806935
1777485036700,1777485036622626676,1777485036622763685
1777485036700,1777485036623751845,1777485036623901337
1777485036700,1777485036624561922,1777485036624914160
1777485036700,1777485036625773564,1777485036625908057
1777485036702,1777485036628891359,1777485036629090179
1777485036702,1777485036629938913,1777485036630065352
1777485036702,1777485036630791673,1777485036631445413
1777485036702,1777485036631826140,1777485036631953284
1777485036702,1777485036632604003,1777485036632750375
1777485036702,1777485036633452737,1777485036633663133
1777485036705,1777485036635180203,1777485036636255843
1777485036705,1777485036636512245,1777485036636647745
1777485036705,1777485036637211285,1777485036637414232
1777485036705,1777485036638859929,1777485036638994421
1777485036705,1777485036639653395,1777485036639755473
1777485036705,1777485036640344986,1777485036640540886
1777485036705,1777485036641135634,1777485036641334051
1777485036705,1777485036641948731,1777485036642236038
1777485036705,1777485036642948971,1777485036643108630
1777485036705,1777485036643444158,1777485036644283630
1777485036705,1777485036645126927,1777485036645286688
1777485036705,1777485036645744628,1777485036645897140
1777485036705,1777485036646516451,1777485036646666547
1777485036705,1777485036647061670,1777485036647866714
1777485036705,1777485036648404181,1777485036648524983
1777485036705,1777485036648985137,1777485036649107651
1777485036705,1777485036650171009,1777485036650342447
1777485036706,1777485036651500333,1777485036651879147
1777485036713,1777485036652895997,1777485036653088575
1777485036713,1777485036654039990,1777485036654138947
1777485036730,1777485036655251432,1777485036655427098
1777485036730,1777485036656083555,1777485036656177982
1777485036730,1777485036656538173,1777485036657384390
1777485036730,1777485036657960816,1777485036658099939
1777485036730,1777485036658622206,1777485036658794852
1777485036730,1777485036659654257,1777485036659846533
1777485036730,1777485036660750231,1777485036660943917
1777485036730,1777485036661600978,1777485036661775134
1777485036730,1777485036662618533,1777485036663525050
1777485036730,1777485036664167917,1777485036664340865
1777485036732,1777485036664993799,1777485036665201075
1777485036732,1777485036666029776,1777485036666153497
1777485036732,1777485036666769687,1777485036666948273
1777485036732,1777485036667871199,1777485036668024718
1777485036732,1777485036669358068,1777485036669547022
1777485036861,1777485036722889800,1777485036723074123
1777485036861,1777485036723613101,1777485036723775076
1777485036861,1777485036724336804,1777485036724438177
1777485036861,1777485036725036851,1777485036725200034
1777485036861,1777485036726003971,1777485036726136651
1777485036861,1777485036726623584,1777485036727535436
1777485036861,1777485036728164814,1777485036729013246
1777485036861,1777485036729257668,1777485036729420146
1777485036861,1777485036729940098,1777485036731051173
1777485036861,1777485036731481328,1777485036731833164
1777485036861,1777485036732509251,1777485036732604785
1777485036861,1777485036733232150,1777485036733354160
1777485036861,1777485036734032764,1777485036734166854
1777485036861,1777485036734543856,1777485036734645229
1777485036861,1777485036735509768,1777485036735669226
1777485036861,1777485036736546953,1777485036736651144
1777485036861,1777485036737163243,1777485036737293911
1777485036861,1777485036737812855,1777485036737900437
1777485038336,1777485038202322806,1777485038202478947
1777485038336,1777485038202902901,1777485038203024789
1777485038787,1777485038653711257,1777485038653865295
1777485038787,1777485038654217638,1777485038654319996
1777485038787,1777485038654708596,1777485038654770091
1777485038787,1777485038655275170,1777485038655367913
1777485038898,1777485038764646444,1777485038764821114
1777485040277,1777485040153342252,1777485040153479345
1777485040277,1777485040153871182,1777485040154002293
1777485040277,1777485040154444779,1777485040154527633
1777485040277,1777485040155179597,1777485040155281794
1777485040277,1777485040155760971,1777485040155853895
1777485040277,1777485040156527496,1777485040156625505
1777485040277,1777485040157187436,1777485040157253540
1777485040277,1777485040157773497,1777485040157887658
1777485040277,1777485040158484286,1777485040158605427
1777485040277,1777485040159162273,1777485040159293484
1777485040277,1777485040159943155,1777485040160038273
1777485040277,1777485040160626128,1777485040160739292
1777485040277,1777485040161270913,1777485040161337416
1777485040277,1777485040161878111,1777485040161965551
1777485040277,1777485040162501759,1777485040162613228
1777485040277,1777485040163513854,1777485040163638784
1777485040277,1777485040164192340,1777485040164311985
1777485040277,1777485040164860357,1777485040164992864
1777485040277,1777485040165354191,1777485040166515144
1777485040277,1777485040166860818,1777485040167028420
1777485040277,1777485040167786869,1777485040167881887
1777485040277,1777485040168378612,1777485040168539833
1777485040277,1777485040169210841,1777485040169299977
1777485040277,1777485040169977066,1777485040170103990
1777485040277,1777485040170564223,1777485040170649470
1777485040277,1777485040171160553,1777485040171334636
1777485040277,1777485040172297976,1777485040172387211
1777485040277,1777485040173232402,1777485040173382157
1777485040277,1777485040174460356,1777485040174600341
1777485040277,1777485040175123188,1777485040175290492
1777485040277,1777485040176073966,1777485040176175564
1777485040277,1777485040177062631,1777485040177226444
1777485040277,1777485040178029460,1777485040178329868
1777485040277,1777485040179080839,1777485040179209158
1777485040277,1777485040179777969,1777485040179983459
1777485040277,1777485040180842210,1777485040181030251
1777485040277,1777485040181338536,1777485040181517206
1777485040277,1777485040181957499,1777485040182039056
1777485040277,1777485040183031111,1777485040183169800
1777485040277,1777485040184624381,1777485040184819003
1777485040277,1777485040185683636,1777485040185886135
1777485040277,1777485040186144867,1777485040186233105
1777485040277,1777485040186990556,1777485040187100330
1777485040277,1777485040188318514,1777485040188920527
1777485040277,1777485040189695825,1777485040189891245
1777485040277,1777485040190267428,1777485040190354769
1777485040277,1777485040191579832,1777485040191780336
1777485040277,1777485040192335488,1777485040192506680
1777485040277,1777485040193581190,1777485040193792164
1777485040277,1777485040194662779,1777485040195606876
1777485040277,1777485040196236307,1777485040196392643
1777485040277,1777485040197079604,1777485040197326172
1777485040277,1777485040198063981,1777485040198187714
1777485040277,1777485040199068100,1777485040199239890
1777485040277,1777485040200064742,1777485040200194656
1777485040277,1777485040201689019,1777485040201870680
1777485040277,1777485040202989359,1777485040203102523
1777485040277,1777485040204277235,1777485040204451019
1777485040277,1777485040205423133,1777485040205553048
1777485040277,1777485040207251605,1777485040207437952
1777485040277,1777485040208538684,1777485040209401423
1777485040277,1777485040209768234,1777485040209924171
1777485040277,1777485040210356487,1777485040210633864
1777485040277,1777485040211376060,1777485040211554431
1777485040277,1777485040211867402,1777485040212110480
1777485040277,1777485040212764139,1777485040213848919
1777485040277,1777485040214464591,1777485040215438799
1777485040277,1777485040216063444,1777485040216196051
1777485040277,1777485040216998668,1777485040217167566
1777485040277,1777485040217901388,1777485040218020634
1777485040277,1777485040218683865,1777485040219483491
1777485040277,1777485040219803840,1777485040219958281
1777485040277,1777485040220960107,1777485040221071975
1777485040277,1777485040221373879,1777485040221477571
1777485040277,1777485040221837103,1777485040221942490
1777485040277,1777485040222433433,1777485040223448420
1777485040277,1777485040224176458,1777485040224328706
1777485040277,1777485040224816957,1777485040224937399
1777485040277,1777485040225958169,1777485040226091672
1777485040277,1777485040226743437,1777485040226919515
1777485040277,1777485040227717446,1777485040227844369
1777485040277,1777485040228229226,1777485040228331323
1777485040277,1777485040228854769,1777485040229014694
1777485040277,1777485040230075645,1777485040230238760
1777485040277,1777485040230803783,1777485040230981356
1777485040277,1777485040232410812,1777485040232537635
1777485040277,1777485040232866559,1777485040233523409
1777485040277,1777485040234213759,1777485040234399707
1777485040277,1777485040234918766,1777485040235548497
1777485040277,1777485040236074635,1777485040236246524
1777485040277,1777485040236902976,1777485040236995601
1777485040277,1777485040237249447,1777485040237312859
1777485040277,1777485040237906297,1777485040238092843
1777485040277,1777485040238857274,1777485040238980009
1777485040277,1777485040239480623,1777485040239611235
1777485040277,1777485040240358517,1777485040240457124
1777485040277,1777485040241296731,1777485040241457853
1777485040277,1777485040242700663,1777485040242835363
1777485040277,1777485040243643863,1777485040243751942
1777485040277,1777485040244007085,1777485040244099411
1777485040277,1777485040245678423,1777485040245974344
1777485040277,1777485040248403233,1777485040248574824
1777485040277,1777485040249205651,1777485040249379136
1777485040277,1777485040249883040,1777485040250064501
1777485040277,1777485040251241308,1777485040251450487
1777485040277,1777485040252053098,1777485040252150808
1777485040277,1777485040252641850,1777485040252734375
1777485040277,1777485040252970075,1777485040253044255
1777485040277,1777485040253221928,1777485040253300793
1777485040277,1777485040253459821,1777485040253535596
1777485040277,1777485040253760728,1777485040253893035
1777485040277,1777485040254033917,1777485040254162934
1777485040277,1777485040254581491,1777485040254695154
1777485040277,1777485040254877313,1777485040255004136
1777485040277,1777485040255335353,1777485040255449016
1777485040277,1777485040255641444,1777485040255798678
1777485040277,1777485040255997787,1777485040256066582
1777485040277,1777485040256240765,1777485040256308265
1777485040277,1777485040256493615,1777485040256558721
1777485040277,1777485040256754739,1777485040256818350
1777485040277,1777485040257002404,1777485040257066215
1777485040277,1777485040257234415,1777485040257296730
1777485040277,1777485040257470016,1777485040257627548
1777485040277,1777485040259582145,1777485040259828813
1777485040277,1777485040262754527,1777485040263182058
1777485040277,1777485040264180593,1777485040264304525
1777485040277,1777485040264961176,1777485040265159687
1777485040277,1777485040265802179,1777485040265960011
1777485040277,1777485040266304787,1777485040267547597
1777485040277,1777485040268138443,1777485040268907460
1777485040277,1777485040269378960,1777485040270065223
1777485040277,1777485040270655969,1777485040270783790
1777485040277,1777485040271724995,1777485040272486335
1777485040277,1777485040272952152,1777485040274113903
1777485040277,1777485040274802957,1777485040274979035
1777485040277,1777485040275720035,1777485040275933401
1777485040277,1777485040276735520,1777485040276857558
1777485040277,1777485040277278009,1777485040278081225
1777485040277,1777485040278608759,1777485040278782543
1777485040277,1777485040279435305,1777485040279579776
1777485040277,1777485040280195648,1777485040280421776
1777485040277,1777485040281287506,1777485040281423303
1777485040277,1777485040281764789,1777485040282727132
1777485040277,1777485040283270718,1777485040283955086
1777485040277,1777485040284431672,1777485040285139869
1777485040277,1777485040285954152,1777485040286086558
1777485040277,1777485040286872027,1777485040287848428
1777485040277,1777485040288438077,1777485040289352463
1777485040277,1777485040290116793,1777485040290268942
1777485040277,1777485040291106954,1777485040291205561
1777485040277,1777485040292197217,1777485040292380373
1777485040277,1777485040293172123,1777485040293295955
1777485040277,1777485040293880021,1777485040294045031
1777485040277,1777485040294935388,1777485040295097706
1777485040277,1777485040295732422,1777485040295969318
1777485040277,1777485040297114120,1777485040297274842
1777485040277,1777485040298977288,1777485040299181981
1777485040277,1777485040300002644,1777485040300168252
1777485040277,1777485040300772060,1777485040300921217
1777485040277,1777485040301903202,1777485040302103108
1777485040277,1777485040303008221,1777485040303132153
1777485040277,1777485040303488595,1777485040304371673
1777485040277,1777485040305424149,1777485040305643597
1777485040277,1777485040306416602,1777485040306748716
1777485040277,1777485040307648246,1777485040307790025
1777485040277,1777485040308917777,1777485040309073315
1777485040277,1777485040310091791,1777485040310219911
1777485040277,1777485040310860110,1777485040311016247
1777485040277,1777485040311943594,1777485040312063338
1777485040277,1777485040312351582,1777485040313454408
1777485040277,1777485040314326419,1777485040314494520
1777485040277,1777485040315103114,1777485040315278194
1777485040277,1777485040316180016,1777485040316296969
1777485040277,1777485040316605055,1777485040317567697
1777485040281,1777485040318100714,1777485040318827756
1777485040480,1777485040345324492,1777485040345515325
1777485041020,1777485040884090394,1777485040884407054
1777485041113,1777485040976703942,1777485040976843627
1777485041132,1777485040995774425,1777485040995958877
1777485041153,1777485041016591792,1777485041016839854
1777485041284,1777485041146850417,1777485041147019542
1777485041417,1777485041279387890,1777485041279617736
1777485041587,1777485041449197104,1777485041449366228
1777485041694,1777485041555009062,1777485041555213425
1777485041880,1777485041740371834,1777485041740547927
1777485041880,1777485041740959539,1777485041741080982
1777485041880,1777485041741420126,1777485041741485028
1777485041880,1777485041742017785,1777485041742116631
1777485041880,1777485041742584485,1777485041742673477
1777485041987,1777485041846843566,1777485041846985316
1777485043075,1777485042928423453,1777485042928577428
1777485043356,1777485043207307662,1777485043207584256
1777485044186,1777485044031789562,1777485044031968766
1777485044310,1777485044154019111,1777485044154178976
1777485044316,1777485044160111567,1777485044160261912
1777485045097,1777485044935005489,1777485044935177950
1777485045135,1777485044972332680,1777485044972556611
1777485045472,1777485045306951434,1777485045307184070
1777485045472,1777485045307660636,1777485045307757138
1777485045585,1777485045419105720,1777485045419271874
1777485045585,1777485045419652731,1777485045419758943
1777485045585,1777485045420181511,1777485045420252253
1777485046573,1777485046398681130,1777485046398936342
1777485046573,1777485046399387070,1777485046399535564
1777485046596,1777485046419884165,1777485046420021373
1777485046742,1777485046564453281,1777485046564652460
1777485046742,1777485046565275540,1777485046565454030
1777485046742,1777485046565965145,1777485046566089187
1777485046774,1777485046595810322,1777485046596002473
1777485046895,1777485046715954285,1777485046716139407
1777485047037,1777485046856598610,1777485046856754034
1777485047183,1777485047000844009,1777485047000996166
1777485047213,1777485047030552176,1777485047030785142
1777485047847,1777485047658015360,1777485047658156030
1777485047992,1777485047801246044,1777485047801397001
1777485048116,1777485047923653096,1777485047923878875
1777485048441,1777485048245561516,1777485048245715493
1777485048526,1777485048328898919,1777485048329085468
1777485048747,1777485048546466726,1777485048546616162
1777485048966,1777485048765501063,1777485048765636286
1777485048966,1777485048766024584,1777485048766120622
1777485048966,1777485048766571992,1777485048766680466
1777485048966,1777485048767252550,1777485048767357965
1777485048966,1777485048768018881,1777485048768108404
1777485048966,1777485048768754910,1777485048768853909
1777485048966,1777485048769372692,1777485048769449286
1777485048966,1777485048769697820,1777485048770201009
1777485048966,1777485048770760557,1777485048771745022
1777485048966,1777485048772082191,1777485048772239129
1777485048966,1777485048772816839,1777485048772897676
1777485048966,1777485048773387244,1777485048773515459
1777485048966,1777485048773966829,1777485048774032367
1777485048966,1777485048774547598,1777485048775392496
1777485048966,1777485048775918682,1777485048776034856
1777485048966,1777485048776443191,1777485048776562720
1777485048966,1777485048777279206,1777485048777379883
1777485048966,1777485048777877939,1777485048777946637
1777485048966,1777485048778544679,1777485048778654239
1777485048966,1777485048779259585,1777485048779337265
1777485048966,1777485048780510450,1777485048780631460
1777485048966,1777485048780978697,1777485048781075426
1777485048966,1777485048781614543,1777485048781765855
1777485048966,1777485048782323330,1777485048782437924
1777485048966,1777485048782834118,1777485048782934697
1777485048966,1777485048783776930,1777485048783885208
1777485048966,1777485048784430148,1777485048784501609
1777485048966,1777485048785057406,1777485048785179995
1777485048966,1777485048785590403,1777485048785651993
1777485048966,1777485048786136527,1777485048786219240
1777485048966,1777485048786659555,1777485048786727857
1777485048966,1777485048787606611,1777485048787724265
1777485048966,1777485048788149379,1777485048789148156
1777485048966,1777485048789505560,1777485048789614232
1777485048966,1777485048790016250,1777485048790084553
1777485048966,1777485048790465941,1777485048790574120
1777485048966,1777485048791036741,1777485048791139097
1777485048966,1777485048791857556,1777485048791983600
1777485048966,1777485048793154417,1777485048793290035
1777485048966,1777485048793642207,1777485048793735087
1777485048966,1777485048794223569,1777485048794301248
1777485048966,1777485048794725079,1777485048794816380
1777485048966,1777485048795371387,1777485048795440775
1777485048966,1777485048795904088,1777485048796001014
1777485048966,1777485048796619981,1777485048796692824
1777485048966,1777485048797242305,1777485048797385621
1777485048966,1777485048797804123,1777485048797868477
1777485048966,1777485048798317774,1777485048798399302
1777485048966,1777485048798815533,1777485048798872979
1777485049140,1777485048935184043,1777485048935345620
1777485049999,1777485049782823668,1777485049782974994
1777485049999,1777485049783321446,1777485049783509074
1777485051071,1777485050839442534,1777485050839596152
1777485051071,1777485050840046259,1777485050840142986
1777485051073,1777485050846598502,1777485050846736739
1777485051073,1777485050847285544,1777485050847382073
1777485051073,1777485050847821630,1777485050847906821
1777485051073,1777485050848501968,1777485050848738804
1777485051073,1777485050849385618,1777485050849481063
1777485051073,1777485050850316004,1777485050850495949
1777485051073,1777485050851282084,1777485050851451577
1777485051073,1777485050852524242,1777485050852686340
1777485051073,1777485050853437669,1777485050853588625
1777485051073,1777485050854515462,1777485050854693927
1777485051073,1777485050855607256,1777485050855726759
1777485051073,1777485050856303665,1777485050856481736
1777485051073,1777485050857403150,1777485050857556177
1777485051073,1777485050858572049,1777485050858898611
1777485051073,1777485050860016238,1777485050860264807
1777485051073,1777485050861146979,1777485050861273087
1777485051073,1777485050861920197,1777485050862107438
1777485051073,1777485050862545910,1777485050862661469
1777485051073,1777485050863614139,1777485050863991184
1777485051073,1777485050864991280,1777485050865186409
1777485051073,1777485050865936259,1777485050866097568
1777485051073,1777485050867333613,1777485050867464455
1777485051073,1777485050868332329,1777485050868649426
1777485051073,1777485050869461690,1777485050869613336
1777485051073,1777485050870254431,1777485050870434474
1777485051073,1777485050871451332,1777485050871649419
1777485051073,1777485050872283020,1777485050873427072
1777485051073,1777485050873850163,1777485050874028924
1777485051073,1777485050874590153,1777485050874744560
1777485051073,1777485050875530597,1777485050875675735
1777485051073,1777485050876531383,1777485050876720497
1777485051073,1777485050877531775,1777485050877607204
1777485051073,1777485050878454766,1777485050878594088
1777485051073,1777485050879478625,1777485050879629187
1777485051073,1777485050880615578,1777485050880821947
1777485051073,1777485050881869371,1777485050882038568
1777485051073,1777485050882823125,1777485050882946769
1777485051073,1777485050883741384,1777485050883889875
1777485051073,1777485050884983049,1777485050885220773
1777485051073,1777485050886051278,1777485050886338991
1777485051073,1777485050887382077,1777485050887524356
1777485051073,1777485050888454151,1777485050888656379
1777485051073,1777485050889230919,1777485050889373198
1777485051073,1777485050890620780,1777485050890755960
1777485051073,1777485050891214054,1777485050891379110
1777485051073,1777485050893053036,1777485050893235839
1777485051073,1777485050894046329,1777485050894195608
1777485051073,1777485050894440826,1777485050894503634
1777485051073,1777485050895764822,1777485050895965078
1777485051073,1777485050897029165,1777485050897168289
1777485051073,1777485050898106958,1777485050898280789
1777485051073,1777485050898850695,1777485050898971677
1777485051073,1777485050899263729,1777485050899359864
1777485051073,1777485050900620066,1777485050900776248
1777485051073,1777485050901685435,1777485050901816967
1777485051073,1777485050902394071,1777485050902530828
1777485051073,1777485050903828301,1777485050904640072
1777485051073,1777485050905235121,1777485050905914275
1777485051073,1777485050906601416,1777485050906763120
1777485051073,1777485050907366254,1777485050907525295
1777485051073,1777485050908530321,1777485050908665994
1777485051073,1777485050909477962,1777485050909691036
1777485051073,1777485050910605844,1777485050910713219
1777485051073,1777485050911824634,1777485050912046483
1777485051073,1777485050912830054,1777485050912952614
1777485051073,1777485050913749891,1777485050913995995
1777485051073,1777485050914465231,1777485050914634329
1777485051073,1777485050915240914,1777485050916193781
1777485051073,1777485050916676328,1777485050917276504
1777485051073,1777485050917998155,1777485050918202749
1777485051073,1777485050919053073,1777485050919238736
1777485051073,1777485050919854195,1777485050919997854
1777485051073,1777485050920578015,1777485050920824317
1777485051073,1777485050921511753,1777485050921622086
1777485051073,1777485050922285465,1777485050922435336
1777485051073,1777485050923117153,1777485050923238726
1777485051073,1777485050923532257,1777485050924252134
1777485051073,1777485050924717918,1777485050924859902
1777485051073,1777485050925320954,1777485050925455739
1777485051073,1777485050926126316,1777485050926225112
1777485051073,1777485050926773918,1777485050926913338
1777485051073,1777485050927929210,1777485050928044079
1777485051073,1777485050928358907,1777485050928460859
1777485051073,1777485050928997044,1777485050929121379
1777485051073,1777485050929834648,1777485050929929107
1777485051073,1777485050930474856,1777485050930675506
1777485051073,1777485050931407707,1777485050931503842
1777485051073,1777485050932252608,1777485050932496149
1777485051073,1777485050933138328,1777485050933272029
1777485051073,1777485050933917364,1777485050934074433
1777485051073,1777485050934859977,1777485050935003833
1777485051073,1777485050935389358,1777485050936142166
1777485051073,1777485050936601345,1777485050937276161
1777485051073,1777485050937868449,1777485050938531334
1777485051073,1777485050938714533,1777485050938866968
1777485051075,1777485050942516634,1777485050942644715
1777485051075,1777485050943057946,1777485050943177547
1777485051075,1777485050943655262,1777485050943771807
1777485051075,1777485050944268651,1777485050944411916
1777485051075,1777485050945363304,1777485050945513767
1777485051075,1777485050945755533,1777485050945857781
1777485051075,1777485050946468113,1777485050946597969
1777485051075,1777485050946788759,1777485050946909149
1777485051075,1777485050947622025,1777485050947729104
1777485051075,1777485050947979547,1777485050948709875
1777485051075,1777485050949438625,1777485050950296047
1777485051075,1777485050950538307,1777485050950681473
1777485051075,1777485050951438226,1777485050951594309
1777485051075,1777485050952228502,1777485050952335680
1777485051075,1777485050952691624,1777485050952782632
1777485051075,1777485050953319605,1777485050953461195
1777485051075,1777485050954294953,1777485050954407357
1777485051075,1777485050954954979,1777485050955128613
1777485051075,1777485050955874914,1777485050955966217
1777485051075,1777485050956708475,1777485050956884574
1777485051075,1777485050957962564,1777485050958079602
1777485051075,1777485050958497270,1777485050959368990
1777485051075,1777485050959780939,1777485050960442050
1777485051075,1777485050961110457,1777485050961263976
1777485051075,1777485050962044195,1777485050962218125
1777485051075,1777485050962801243,1777485050962920746
1777485051075,1777485050963642594,1777485050964570318
1777485051075,1777485050965227386,1777485050965415317
1777485051075,1777485050965918175,1777485050966060356
1777485051075,1777485050966986207,1777485050967595355
1777485051075,1777485050968226788,1777485050968314246
1777485051075,1777485050968772931,1777485050968999612
1777485051075,1777485050969621677,1777485050969767999
1777485051075,1777485050970304578,1777485050970608068
1777485051075,1777485050971311872,1777485050971404950
1777485051075,1777485050971757444,1777485050971817787
1777485051075,1777485050972737426,1777485050972885029
1777485051075,1777485050973413622,1777485050973550873
1777485051075,1777485050974255269,1777485050974397154
1777485051075,1777485050974881771,1777485050975132411
1777485051075,1777485050975945464,1777485050976030851
1777485051075,1777485050976787209,1777485050976957293
1777485051075,1777485050977637631,1777485050977757035
1777485051075,1777485050978165041,1777485050978943682
1777485051075,1777485050979525025,1777485050979732282
1777485051075,1777485050980390730,1777485050980489330
1777485051075,1777485050981148074,1777485050981293805
1777485051075,1777485050982220050,1777485050982340144
1777485051075,1777485050982687018,1777485050983669563
1777485051075,1777485050984243709,1777485050984451853
1777485051075,1777485050984914975,1777485050985151417
1777485051075,1777485050985835304,1777485050986006473
1777485051078,1777485050987237687,1777485050987353838
1777485051078,1777485050988990986,1777485050989106939
1777485051078,1777485050989800391,1777485050989940402
1777485051078,1777485050991183546,1777485050991296739
1777485051078,1777485050992085733,1777485050992233435
1777485051078,1777485050993405391,1777485050993536331
1777485051078,1777485050994025681,1777485050994150508
1777485051078,1777485050995079810,1777485050995231062
1777485051078,1777485050996725241,1777485050996876789
1777485051078,1777485050997222972,1777485050997322065
1777485051078,1777485050998161345,1777485050999118550
1777485051078,1777485050999652665,1777485050999809635
1777485051078,1777485051000331622,1777485051000519750
1777485051078,1777485051001350649,1777485051001461968
1777485051080,1777485051002304108,1777485051002512646
1777485051080,1777485051003261609,1777485051003444511
1777485051080,1777485051004245436,1777485051004400533
1777485051080,1777485051004642103,1777485051004741787
1777485051080,1777485051005454389,1777485051005746809
1777485051080,1777485051006124580,1777485051007504383
1777485051080,1777485051007780640,1777485051008011264
1777485051080,1777485051008823377,1777485051008939872
1777485051080,1777485051009278416,1777485051010234128
1777485051080,1777485051010930041,1777485051011072358
1777485051080,1777485051011969329,1777485051012125247
1777485051080,1777485051012743892,1777485051012855163
1777485051080,1777485051013596216,1777485051013729170
1777485051080,1777485051013924905,1777485051014033811
1777485051080,1777485051014245611,1777485051014334017
1777485051080,1777485051015425146,1777485051015541049
1777485051080,1777485051015768126,1777485051015850421
1777485051080,1777485051016403722,1777485051016533424
1777485051080,1777485051017151970,1777485051017251907
1777485051080,1777485051017419159,1777485051017515943
1777485051080,1777485051018356144,1777485051019103702
1777485051080,1777485051019393757,1777485051019542086
1777485051080,1777485051020401211,1777485051020488237
1777485051080,1777485051020686337,1777485051020759959
1777485051080,1777485051020965846,1777485051021019560
1777485051080,1777485051021556698,1777485051022164797
1777485051080,1777485051023030623,1777485051023675879
1777485051080,1777485051023985546,1777485051024104899
1777485051080,1777485051024626169,1777485051024753604
1777485051080,1777485051025436804,1777485051025511707
1777485051086,1777485051025693644,1777485051026465053
1777485051086,1777485051027145395,1777485051027301608
1777485051086,1777485051027730826,1777485051027854121
1777485051086,1777485051028508444,1777485051028612816
1777485051086,1777485051028975212,1777485051029598489
1777485051086,1777485051030053035,1777485051030169037
1777485051086,1777485051030617572,1777485051030822867
1777485051086,1777485051031555839,1777485051031667406
1777485051086,1777485051032066366,1777485051032145606
1777485051086,1777485051032680970,1777485051032956339
1777485051086,1777485051033571140,1777485051033690986
1777485051086,1777485051034366006,1777485051034530597
1777485051086,1777485051035348623,1777485051035486012
1777485051086,1777485051035891280,1777485051037034842
1777485051086,1777485051037467706,1777485051037646785
1777485051086,1777485051038285732,1777485051038434061
1777485051086,1777485051039271799,1777485051039400712
1777485051086,1777485051039726839,1777485051040513228
1777485051117,1777485051041058645,1777485051041224024
1777485051117,1777485051041832222,1777485051042054567
1777485051117,1777485051042894473,1777485051043032257
1777485051117,1777485051043946672,1777485051044601093
1777485051117,1777485051045245265,1777485051045965424
1777485051117,1777485051046349896,1777485051047060593
1777485051117,1777485051047566489,1777485051048501108
1777485051117,1777485051049004737,1777485051049726670
1777485051117,1777485051050393903,1777485051050552679
1777485051117,1777485051051327439,1777485051051499422
1777485051117,1777485051052279996,1777485051052433450
1777485051117,1777485051052812305,1777485051053718934
1777485051117,1777485051054332553,1777485051054584170
1777485051117,1777485051055145553,1777485051055286687
1777485051117,1777485051056232148,1777485051056378604
1777485051117,1777485051056891596,1777485051057032631
1777485051117,1777485051057874016,1777485051057991792
1777485051117,1777485051058515132,1777485051059449062
1777485051117,1777485051060178091,1777485051060898348
1777485051117,1777485051061449186,1777485051061602245
1777485051117,1777485051062157813,1777485051062312746
1777485051117,1777485051063102979,1777485051063207942
1777485051117,1777485051063584629,1777485051063672443
1777485051117,1777485051064372891,1777485051064659496
1777485051117,1777485051065333234,1777485051065453179
1777485051117,1777485051066224883,1777485051066434022
1777485051117,1777485051067102537,1777485051067203164
1777485051117,1777485051067488882,1777485051068204803
1777485051117,1777485051068724890,1777485051068999964
1777485051117,1777485051069539073,1777485051069684149
1777485051117,1777485051070628723,1777485051070730829
1777485051117,1777485051070951400,1777485051071637853
1777485051117,1777485051072148084,1777485051072299961
1777485051117,1777485051072785455,1777485051073024950
1777485051117,1777485051073937098,1777485051074079317
1777485051117,1777485051074400712,1777485051075001025
1777485051117,1777485051075585372,1777485051075730843
1777485051117,1777485051076429812,1777485051076747561
1777485051117,1777485051077540554,1777485051077679323
1777485051117,1777485051078053052,1777485051078910108
1777485051117,1777485051079451286,1777485051079631745
1777485051117,1777485051080490180,1777485051080756482
1777485051117,1777485051081838839,1777485051081976623
1777485051117,1777485051082852404,1777485051083163057
1777485051117,1777485051084006807,1777485051084777624
1777485051117,1777485051085594369,1777485051085788133
1777485051117,1777485051086425799,1777485051086588715
1777485051117,1777485051088081465,1777485051088660786
1777485051117,1777485051089397798,1777485051090315860
1777485051117,1777485051090545499,1777485051091290001
1777485051117,1777485051091834531,1777485051092029970
1777485051117,1777485051092746187,1777485051092893432
1777485051117,1777485051093386219,1777485051093644833
1777485051117,1777485051094159796,1777485051094317783
1777485051117,1777485051094821313,1777485051094905777
1777485051117,1777485051095439367,1777485051095614405
1777485051117,1777485051096219448,1777485051096317020
1777485051117,1777485051096904915,1777485051097154660
1777485051117,1777485051097810263,1777485051097943907
1777485051117,1777485051098356173,1777485051099270884
1777485051117,1777485051100094627,1777485051100832526
1777485051117,1777485051101042059,1777485051101201624
1777485051182,1777485051103322579,1777485051103461446
1777485051316,1777485051103901209,1777485051104014550
1777485051316,1777485051104629056,1777485051104758757
1777485051316,1777485051105335022,1777485051105509863
1777485051316,1777485051106555656,1777485051106679543
1777485051316,1777485051107406896,1777485051107629636
1777485051316,1777485051108180375,1777485051108278144
1777485051316,1777485051108620631,1777485051109431364
1777485051316,1777485051110175965,1777485051110321239
1777485051316,1777485051111075301,1777485051111196921
1777485051316,1777485051111667040,1777485051111745196
1777485051316,1777485051111928907,1777485051112039981
1777485051316,1777485051112243995,1777485051113014517
1777485051316,1777485051113457828,1777485051114065730
1777485051316,1777485051114566993,1777485051115196085
1777485051316,1777485051115716369,1777485051115895152
1777485051316,1777485051116379365,1777485051116534691
1777485051316,1777485051117232379,1777485051117346016
1777485051316,1777485051117761140,1777485051118465135
1777485051316,1777485051119116205,1777485051119907621
1777485051316,1777485051120329546,1777485051120795525
1777485051316,1777485051121348432,1777485051121611482
1777485051316,1777485051122172076,1777485051122251908
1777485051316,1777485051123008336,1777485051123111328
1777485051316,1777485051123885595,1777485051123969862
1777485051316,1777485051124226998,1777485051124304464
1777485051316,1777485051124961842,1777485051125128404
1777485051316,1777485051125949486,1777485051126055238
1777485051316,1777485051126416648,1777485051126515008
1777485051316,1777485051127055398,1777485051127294696
1777485051316,1777485051127853713,1777485051127945569
1777485051316,1777485051128552387,1777485051128652422
1777485051316,1777485051129264267,1777485051129392687
1777485051316,1777485051130205096,1777485051130363576
1777485051316,1777485051130983404,1777485051131087283
1777485051316,1777485051131788322,1777485051132044473
1777485051316,1777485051132574021,1777485051132679971
1777485051468,1777485051230460838,1777485051230624937
1777485051589,1777485051349653400,1777485051349806361
1777485051589,1777485051350344189,1777485051350468371
1777485051589,1777485051350903108,1777485051350978997
1777485051589,1777485051351561964,1777485051351731385
1777485051810,1777485051575819279,1777485051575986629
1777485051810,1777485051576487498,1777485051576632772
1777485051810,1777485051576819538,1777485051576906071
1777485051810,1777485051577841775,1777485051577973645
1777485051811,1777485051578381968,1777485051579166682
1777485051811,1777485051579724912,1777485051579883983
1777485051811,1777485051580456897,1777485051580573491
1777485051811,1777485051580785192,1777485051580862658
1777485051811,1777485051582190128,1777485051582353930
1777485051811,1777485051583030527,1777485051583171858
1777485051811,1777485051584748481,1777485051584857387
1777485051811,1777485051585262458,1777485051585384965
1777485051811,1777485051585789641,1777485051585911163
1777485051811,1777485051586829225,1777485051587133669
1777485051811,1777485051588134815,1777485051588242439
1777485051811,1777485051588631741,1777485051589209879
1777485051811,1777485051589570500,1777485051590101922
1777485051811,1777485051590653350,1777485051591406132
1777485051811,1777485051591973428,1777485051592441576
1777485051811,1777485051592635241,1777485051592714383
1777485051811,1777485051593343376,1777485051593411676
1777485051811,1777485051593676106,1777485051593785012
1777485051811,1777485051594599983,1777485051594738752
1777485051811,1777485051595667951,1777485051595805734
1777485051811,1777485051596625141,1777485051596756123
1777485051811,1777485051597001236,1777485051597071507
1777485051811,1777485051597764464,1777485051597850702
1777485051811,1777485051598579041,1777485051598703716
1777485051811,1777485051599431661,1777485051600249392
1777485051811,1777485051600549795,1777485051600672597
1777485051811,1777485051601468843,1777485051601657284
1777485051811,1777485051602225665,1777485051602317028
1777485051811,1777485051602495811,1777485051602586878
1777485051811,1777485051603401356,1777485051603654747
1777485051811,1777485051604318531,1777485051604437884
1777485051811,1777485051604828369,1777485051605697645
1777485051811,1777485051606612948,1777485051606778426
1777485051811,1777485051607532981,1777485051607749117
1777485051811,1777485051608332971,1777485051608448776
1777485051811,1777485051609077080,1777485051609209639
1777485051811,1777485051609885645,1777485051609991692
1777485051811,1777485051610163478,1777485051610230990
1777485051811,1777485051611159203,1777485051611323104
1777485051811,1777485051612141328,1777485051612292219
1777485051811,1777485051612656882,1777485051613577901
1777485051811,1777485051613959811,1777485051614430126
1777485051811,1777485051614977022,1777485051615164675
1777485051811,1777485051615698067,1777485051615876161
1777485051811,1777485051616256691,1777485051616373876
1777485051811,1777485051617472101,1777485051617598648
1777485051811,1777485051617926450,1777485051618930257
1777485051811,1777485051619566840,1777485051620149905
1777485051811,1777485051620645649,1777485051620784615
1777485051811,1777485051621488808,1777485051621672026
1777485051811,1777485051622344483,1777485051622468271
1777485051811,1777485051622897193,1777485051623774354
1777485051811,1777485051624260537,1777485051624939401
1777485051811,1777485051625396411,1777485051625990811
1777485051811,1777485051626890147,1777485051627039856
1777485051811,1777485051627522886,1777485051627671313
1777485051811,1777485051628185290,1777485051628290352
1777485051811,1777485051629159924,1777485051629303227
1777485051811,1777485051629857021,1777485051629944836
1777485051811,1777485051630624882,1777485051630865953
1777485051811,1777485051631535651,1777485051631655693
1777485051811,1777485051632164940,1777485051632294740
1777485051811,1777485051632635650,1777485051632699811
1777485051811,1777485051633678091,1777485051633790940
1777485051811,1777485051634608670,1777485051634713141
1777485051811,1777485051635034537,1777485051636022476
1777485051811,1777485051636703114,1777485051636832224
1777485051811,1777485051637510200,1777485051637789610
1777485051811,1777485051638430529,1777485051638579252
1777485051811,1777485051638939085,1777485051639693838
1777485051811,1777485051640310117,1777485051640543896
1777485051811,1777485051641264942,1777485051641449441
1777485051811,1777485051642013781,1777485051642142792
1777485051811,1777485051642745274,1777485051642824711
1777485051811,1777485051643587151,1777485051643843203
1777485051811,1777485051644095214,1777485051644270252
1777485051811,1777485051645362761,1777485051645458362
1777485051811,1777485051646159598,1777485051646824269
1777485051811,1777485051647480366,1777485051648286171
1777485051811,1777485051648584603,1777485051648754417
1777485051811,1777485051649206894,1777485051649315701
1777485051811,1777485051650010235,1777485051650087209
1777485051811,1777485051650345823,1777485051650889959
1777485051811,1777485051651488794,1777485051651740509
1777485051811,1777485051652357479,1777485051652457317
1777485051811,1777485051652951385,1777485051653088085
1777485051811,1777485051653619802,1777485051653732354
1777485051811,1777485051654062029,1777485051654135848
1777485051811,1777485051654617203,1777485051654712508
1777485051811,1777485051655358847,1777485051655447352
1777485051811,1777485051655792007,1777485051655873612
1777485051811,1777485051656458551,1777485051656723769
1777485051811,1777485051657309397,1777485051657454375
1777485051811,1777485051658060601,1777485051658189908
1777485051811,1777485051658907801,1777485051658981324
1777485051811,1777485051659603517,1777485051659701878
1777485051811,1777485051660439678,1777485051660574603
1777485051811,1777485051661608076,1777485051662411516
1777485051811,1777485051663268177,1777485051663417294
1777485051811,1777485051664078812,1777485051664213343
1777485051811,1777485051664797000,1777485051664909552
1777485051811,1777485051665823968,1777485051665971212
1777485051811,1777485051666830633,1777485051666955407
1777485051813,1777485051669362868,1777485051669538300
1777485051813,1777485051669992847,1777485051670134967
1777485051813,1777485051670657913,1777485051670826741
1777485051813,1777485051671315882,1777485051671430307
1777485051813,1777485051672120504,1777485051672218470
1777485051813,1777485051673100461,1777485051673258054
1777485051813,1777485051673997826,1777485051674120037
1777485051813,1777485051674854782,1777485051675004195
1777485051813,1777485051685137178,1777485051685349273
1777485051813,1777485051685917456,1777485051686645599
1777485051813,1777485051687158590,1777485051687394142
1777485051813,1777485051687886338,1777485051687965085
1777485051813,1777485051688501730,1777485051688632516
1777485051813,1777485051689286937,1777485051689631198
1777485051813,1777485051690551428,1777485051691078612
1777485051813,1777485051691499353,1777485051691707901
1777485051813,1777485051692457923,1777485051692530658
1777485051813,1777485051693067895,1777485051693308079
1777485051813,1777485051694045485,1777485051694199235
1777485051813,1777485051694734993,1777485051695583966
1777485051849,1777485051696035951,1777485051696214438
1777485051849,1777485051696792182,1777485051696909268
1777485051849,1777485051697424329,1777485051697632876
1777485051849,1777485051698419561,1777485051698536549
1777485051849,1777485051699199643,1777485051699360588
1777485051849,1777485051700098585,1777485051700261205
1777485051849,1777485051700918090,1777485051701068489
1777485051849,1777485051701995618,1777485051702112113
1777485051849,1777485051702419415,1777485051703069500
1777485051849,1777485051703663505,1777485051703884766
1777485051849,1777485051704424270,1777485051704544707
1777485051849,1777485051705153003,1777485051705286844
1777485051849,1777485051706042385,1777485051706162625
1777485051849,1777485051706443809,1777485051706505112
1777485051849,1777485051707042348,1777485051707170473
1777485051849,1777485051707761620,1777485051707855546
1777485051849,1777485051708068528,1777485051708809088
1777485051849,1777485051709194842,1777485051709983400
1777485051849,1777485051710568141,1777485051711230940
1777485051849,1777485051711719981,1777485051711800503
1777485051849,1777485051712281266,1777485051712944064
1777485051849,1777485051713219729,1777485051713894552
1777485051849,1777485051714373442,1777485051715160719
1777485051849,1777485051715458066,1777485051715576532
1777485051849,1777485051716019055,1777485051716222970
1777485051849,1777485051716756363,1777485051716879067
1777485051849,1777485051717239787,1777485051718401188
1777485052333,1777485052083398451,1777485052083638644
1777485052333,1777485052084107798,1777485052084214397
1777485052379,1777485052128687409,1777485052128881001
1777485052379,1777485052129309368,1777485052129405327
1777485052379,1777485052129876452,1777485052129971425
1777485052379,1777485052130648556,1777485052130844021
1777485052379,1777485052131579574,1777485052131647751
1777485052379,1777485052132128432,1777485052132833937
1777485052379,1777485052133212649,1777485052133321810
1777485052381,1777485052134370363,1777485052134549572
1777485052381,1777485052135362168,1777485052135456354
1777485052381,1777485052135842554,1777485052135927380
1777485052381,1777485052136386091,1777485052136452691
1777485052382,1777485052137056128,1777485052137170609
1777485052395,1777485052146417442,1777485052146607980
1777485052395,1777485052147154966,1777485052147680868
1777485052395,1777485052148291498,1777485052148460362
1777485052395,1777485052149179856,1777485052149341627
1777485052405,1777485052153713865,1777485052153873173
1777485052405,1777485052154444788,1777485052154549516
1777485053433,1777485053166926059,1777485053167081178
1777485053433,1777485053167518366,1777485053167613604
1777485053433,1777485053168121704,1777485053168605773
1777485053433,1777485053168921822,1777485053169034295
1777485053580,1777485053311418036,1777485053311578572
1777485053585,1777485053316356032,1777485053316523954
1777485053585,1777485053317037964,1777485053317191014
1777485053585,1777485053317613331,1777485053317687886
1777485054111,1777485053834495282,1777485053834635824
1777485054847,1777485054560145164,1777485054560295512
1777485054847,1777485054560711899,1777485054560850924
1777485054847,1777485054561448575,1777485054562115345
1777485054847,1777485054562609416,1777485054562731801
1777485054847,1777485054563442583,1777485054563600709
1777485054847,1777485054564242962,1777485054564399415
1777485054847,1777485054565171438,1777485054565273738
1777485054847,1777485054565917369,1777485054566035226
1777485054847,1777485054566771607,1777485054566996390
1777485054847,1777485054567950859,1777485054568065565
1777485054849,1777485054570844297,1777485054571115357
1777485054849,1777485054571881177,1777485054572095623
1777485054849,1777485054572698394,1777485054572862329
1777485054849,1777485054573496410,1777485054573795334
1777485054851,1777485054574906157,1777485054575019386
1777485054851,1777485054577308281,1777485054577464635
1777485054851,1777485054578434070,1777485054578541982
1777485054851,1777485054579271766,1777485054579427825
1777485054851,1777485054579960886,1777485054580166175
1777485054851,1777485054581320517,1777485054581625644
1777485054851,1777485054582483623,1777485054582607682
1777485054851,1777485054583485156,1777485054584548128
1777485054851,1777485054585587568,1777485054585878713
1777485054851,1777485054586415418,1777485054586542135
1777485054851,1777485054587304706,1777485054587462833
1777485054851,1777485054588168888,1777485054588383137
1777485054851,1777485054589475745,1777485054589691667
1777485054851,1777485054590829075,1777485054591077390
1777485054853,1777485054591953781,1777485054592101274
1777485055206,1777485054913629200,1777485054914008664
1777485055294,1777485054999211729,1777485054999363455
1777485055294,1777485054999815287,1777485054999926350
1777485055294,1777485055000387043,1777485055000561612
1777485055294,1777485055001073800,1777485055001135732
1777485055390,1777485055093751781,1777485055093889590
1777485055390,1777485055094234900,1777485055094339438
1777485055390,1777485055094732686,1777485055094843622
1777485055390,1777485055095165013,1777485055095225747
1777485055390,1777485055095494081,1777485055096046105
1777485055390,1777485055096867840,1777485055096966374
1777485055965,1777485055660424703,1777485055660567040
1777485055965,1777485055661077622,1777485055661195646
1777485055965,1777485055661564777,1777485055661629547
1777485055965,1777485055662699438,1777485055662815689
1777485055965,1777485055663237976,1777485055663301565
1777485055966,1777485055664368699,1777485055664471465
1777485056080,1777485055772834057,1777485055772987812
1777485056549,1777485056235107096,1777485056235428512
1777485056587,1777485056272471911,1777485056272693648
1777485056812,1777485056497430519,1777485056497579592
1777485057561,1777485057232895098,1777485057233055972
1777485057872,1777485057539271382,1777485057539427328
1777485058463,1777485058123025752,1777485058123183543
1777485058868,1777485058521000460,1777485058521151846
1777485058971,1777485058622412452,1777485058622596657
1777485059283,1777485058930257929,1777485058930397094
1777485059318,1777485058966121139,1777485058966256065
1777485059318,1777485058966723527,1777485058966824057
1777485059318,1777485058967172756,1777485058967259192
1777485059318,1777485058967844431,1777485058967959055
1777485059318,1777485058968666013,1777485058968761911
1777485059318,1777485058969448074,1777485058969545351
1777485059318,1777485058970069484,1777485058970138475
1777485059318,1777485058970454453,1777485058971048760
1777485059318,1777485058971426928,1777485058971519573
1777485059318,1777485058972033160,1777485058972127579
1777485059318,1777485058972801817,1777485058972885986
1777485059318,1777485058973598070,1777485058973690320
1777485059318,1777485058974312913,1777485058974417484
1777485059318,1777485058975780545,1777485058975966131
1777485059318,1777485058976564478,1777485058976651407
1777485059318,1777485058977355409,1777485058977497432
1777485059329,1777485058978926823,1777485058979022425
1777485059329,1777485058979534041,1777485058979623433
1777485059329,1777485058980046249,1777485058980143526
1777485059329,1777485058980679092,1777485058980765823
1777485059329,1777485058981333618,1777485058981426558
1777485059329,1777485058981942314,1777485058982001055
1777485059329,1777485058982485567,1777485058982590828
1777485059329,1777485058983052376,1777485058983132504
1777485059329,1777485058983631998,1777485058984288594
1777485059329,1777485058984621326,1777485058985153344
1777485059329,1777485058985844830,1777485058985940628
1777485059329,1777485058986252861,1777485058986337227
1777485059329,1777485058986683068,1777485058986741908
1777485059329,1777485058986967902,1777485058987559942
1777485059459,1777485059104205290,1777485059104417356
1777485059540,1777485059186135014,1777485059186301553
1777485059540,1777485059186758403,1777485059186860198
1777485059540,1777485059187235059,1777485059187301182
1777485059540,1777485059187765422,1777485059187851943
1777485059540,1777485059188416205,1777485059188482328
1777485059540,1777485059189247915,1777485059189406965
1777485059540,1777485059189928163,1777485059189997045
1777485059540,1777485059190671085,1777485059190789633
1777485059540,1777485059191688057,1777485059191786699
1777485059540,1777485059192265721,1777485059192327409
1777485059540,1777485059192792635,1777485059192875904
1777485059540,1777485059193350984,1777485059193413067
1777485059540,1777485059194060894,1777485059194166237
1777485059540,1777485059194846879,1777485059194950843
1777485059540,1777485059195571176,1777485059195665286
1777485059540,1777485059196247581,1777485059196311930
1777485059540,1777485059196789769,1777485059196881710
1777485059540,1777485059197266918,1777485059197351075
1777485059540,1777485059197793536,1777485059197902329
1777485059540,1777485059198441561,1777485059198512118
1777485059540,1777485059199037554,1777485059199126834
1777485059540,1777485059199571267,1777485059199630689
1777485059540,1777485059200113948,1777485059200195739
1777485059540,1777485059200626770,1777485059200684221
1777485059540,1777485059201186696,1777485059201276568
1777485059540,1777485059201707795,1777485059201774805
1777485059540,1777485059202022741,1777485059202072605
1777485059540,1777485059202490627,1777485059202576459
1777485059540,1777485059202999705,1777485059203065729
1777485059540,1777485059203319184,1777485059203365401
1777485059540,1777485059203767952,1777485059203892906
1777485059540,1777485059204724911,1777485059204813404
1777485059542,1777485059205737351,1777485059205839935
1777485059542,1777485059206420062,1777485059206500572
1777485059542,1777485059206881247,1777485059206982944
1777485059542,1777485059207276014,1777485059207345684
1777485059594,1777485059236395712,1777485059236537911
1777485059632,1777485059275267405,1777485059275494351
1777485059632,1777485059275907151,1777485059276011115
1777485059632,1777485059276510239,1777485059276619524
1777485059632,1777485059277071151,1777485059277139737
1777485059632,1777485059277638270,1777485059277748935
1777485059632,1777485059278177207,1777485059278253184
1777485059632,1777485059278751619,1777485059278850754
1777485059632,1777485059279309179,1777485059279394715
1777485059632,1777485059280134090,1777485059280272248
1777485059633,1777485059281095483,1777485059281210385
1777485059633,1777485059281474286,1777485059282219671
1777485059633,1777485059282778907,1777485059282885827
1777485059633,1777485059283334891,1777485059283460732
1777485059633,1777485059283757940,1777485059283842195
1777485059633,1777485059285527196,1777485059285665551
1777485059633,1777485059286704597,1777485059286843643
1777485059633,1777485059287434511,1777485059287537293
1777485059729,1777485059370295278,1777485059370490394
1777485059729,1777485059371106983,1777485059371291753
1777485059729,1777485059371797775,1777485059371888337
1777485059729,1777485059372488764,1777485059372633328
1777485059729,1777485059373429562,1777485059373515492
1777485059729,1777485059374142231,1777485059374968324
1777485059729,1777485059375282679,1777485059375498785
1777485059729,1777485059375997417,1777485059376138236
1777485059729,1777485059376894461,1777485059377000297
1777485059729,1777485059377703900,1777485059377800670
1777485059729,1777485059378291320,1777485059378383064
1777485059729,1777485059379209059,1777485059379493850
1777485059729,1777485059380121476,1777485059380253623
1777485059813,1777485059452693676,1777485059452966544
1777485059860,1777485059500608045,1777485059500799319
1777485059860,1777485059501703853,1777485059501883695
1777485059860,1777485059502767929,1777485059502947279
1777485059860,1777485059503692762,1777485059503863145
1777485059860,1777485059504526837,1777485059504650116
1777485059860,1777485059505358941,1777485059507360071
1777485059860,1777485059507749614,1777485059507909354
1777485059860,1777485059508521508,1777485059508686865
1777485059860,1777485059509316165,1777485059509388595
1777485059860,1777485059510169161,1777485059510376694
1777485059860,1777485059511212937,1777485059511358190
1777485059860,1777485059512046519,1777485059512195123
1777485059860,1777485059512897445,1777485059513000423
1777485059860,1777485059513701070,1777485059513846717
1777485059860,1777485059515036930,1777485059515178537
1777485059860,1777485059515577344,1777485059516260942
1777485059860,1777485059517065257,1777485059517218000
1777485059860,1777485059517616708,1777485059517745899
1777485059860,1777485059518197624,1777485059518306811
1777485059860,1777485059519033965,1777485059519986687
1777485059860,1777485059520338686,1777485059520959118
1777485059860,1777485059521645081,1777485059521758801
1777485059861,1777485059523658430,1777485059523812158
1777485059862,1777485059524575971,1777485059524703191
1777485059862,1777485059525260949,1777485059525356734
1777485059862,1777485059525531255,1777485059525619649
1777485059862,1777485059526257030,1777485059526432734
1777485059862,1777485059527327512,1777485059527503412
1777485059862,1777485059527806730,1777485059528477715
1777485059862,1777485059528860558,1777485059530163603
1777485059862,1777485059531005660,1777485059531199397
1777485059862,1777485059531868214,1777485059532514760
1777485059862,1777485059532819359,1777485059533588592
1777485059862,1777485059534065051,1777485059534735346
1777485059862,1777485059535125974,1777485059535310645
1777485059864,1777485059536266619,1777485059536405565
1777485059864,1777485059537137943,1777485059537220720
1777485059864,1777485059537974186,1777485059538156196
1777485059864,1777485059538756427,1777485059538865712
1777485059868,1777485059539647460,1777485059539793305
1777485060034,1777485059671576149,1777485059671798267
1777485060794,1777485060572618022,1777485060572770805
1777485061204,1777485060974088663,1777485060974273242
1777485061772,1777485061556087689,1777485061556251911
1777485061772,1777485061556759367,1777485061556925952
1777485061772,1777485061557487738,1777485061558683202
1777485062164,1777485061958550186,1777485061958709889
1777485062164,1777485061959108993,1777485061959308751
1777485062164,1777485061959684747,1777485061959759925
1777485062454,1777485062255216350,1777485062255371547
1777485062582,1777485062386292493,1777485062386490908
1777485063166,1777485063266068641,1777485063266240624
1777485063166,1777485063266741518,1777485063266865597
1777485063166,1777485063267275568,1777485063267340862
1777485063166,1777485063267761003,1777485063267848978
1777485063166,1777485063268426964,1777485063268557248
1777485063166,1777485063269320133,1777485063269409327
1777485063166,1777485063270158482,1777485063270329346
1777485063166,1777485063271028564,1777485063271166475
1777485063166,1777485063271834063,1777485063271923156
1777485063166,1777485063272242000,1777485063272829750
1777485063166,1777485063273263824,1777485063273352816
1777485063166,1777485063273903138,1777485063274069527
1777485063166,1777485063274684839,1777485063274796002
1777485063166,1777485063275385887,1777485063276037101
1777485063166,1777485063276360521,1777485063276453682
1777485063166,1777485063276962510,1777485063277053739
1777485063166,1777485063277428418,1777485063277493407
1777485063166,1777485063278032644,1777485063278146553
1777485063166,1777485063278735015,1777485063278838346
1777485063166,1777485063279469321,1777485063279611809
1777485063166,1777485063280220001,1777485063280454023
1777485063166,1777485063281196262,1777485063281434047
1777485063166,1777485063282080989,1777485063282182694
1777485063166,1777485063283297781,1777485063283425319
1777485063166,1777485063284026595,1777485063284107552
1777485063166,1777485063285093983,1777485063285252642
1777485063166,1777485063285938029,1777485063286046140
1777485063166,1777485063286958938,1777485063287177094
1777485063166,1777485063287768607,1777485063287843360
1777485063166,1777485063288640824,1777485063288844538
1777485063166,1777485063289279325,1777485063289376961
1777485063166,1777485063289890263,1777485063290036616
1777485063166,1777485063290486353,1777485063290553885
1777485063166,1777485063291251781,1777485063291372199
1777485063166,1777485063291909097,1777485063291982731
1777485063166,1777485063292610756,1777485063292737378
1777485063172,1777485063293228203,1777485063293294108
1777485063212,1777485063295105261,1777485063295230052
1777485063212,1777485063295674195,1777485063295776205
1777485063212,1777485063296482339,1777485063296623911
1777485063212,1777485063297078835,1777485063297150028
1777485063212,1777485063297546371,1777485063297637294
1777485063212,1777485063298072793,1777485063298137680
1777485063212,1777485063298633184,1777485063298723396
1777485063212,1777485063299170082,1777485063299240563
1777485063212,1777485063299907236,1777485063299999787
1777485063212,1777485063300529362,1777485063300604115
1777485063212,1777485063301081210,1777485063301176711
1777485063212,1777485063301805041,1777485063301876132
1777485063212,1777485063302081880,1777485063302649086
1777485063212,1777485063303090382,1777485063303173169
1777485063212,1777485063304076304,1777485063304226522
1777485063212,1777485063304935605,1777485063305098027
1777485063212,1777485063305465791,1777485063306378690
1777485063212,1777485063306927080,1777485063307120725
1777485063212,1777485063307721392,1777485063307890018
1777485063212,1777485063308820919,1777485063308947337
1777485063214,1777485063310039440,1777485063310210506
1777485063214,1777485063311573549,1777485063311724275
1777485063214,1777485063312074444,1777485063312235645
1777485063214,1777485063312563642,1777485063314778460
1777485063214,1777485063316028509,1777485063316295178
1777485063214,1777485063317739076,1777485063318026290
1777485063214,1777485063318344930,1777485063319503852
1777485063214,1777485063320924154,1777485063321096645
1777485063214,1777485063321380095,1777485063321597743
1777485063214,1777485063322325540,1777485063322484809
1777485063216,1777485063323127174,1777485063323343296
1777485063216,1777485063324080857,1777485063324265247
1777485063216,1777485063325322566,1777485063325448070
1777485063216,1777485063325803832,1777485063325897909
1777485063216,1777485063326514441,1777485063326682863
1777485063216,1777485063328314610,1777485063328441943
1777485063216,1777485063329493262,1777485063330483864
1777485063216,1777485063330945907,1777485063331850466
1777485063216,1777485063332186905,1777485063332407298
1777485063216,1777485063332935449,1777485063333094820
1777485063216,1777485063333809802,1777485063333936933
1777485063216,1777485063334927941,1777485063335096160
1777485063216,1777485063336265355,1777485063336395028
1777485063216,1777485063337253515,1777485063337404953
1777485063216,1777485063338209130,1777485063338328226
1777485063216,1777485063339714457,1777485063339951429
1777485063216,1777485063340700177,1777485063340832698
1777485063216,1777485063341700440,1777485063341847403
1777485063216,1777485063342220658,1777485063342361519
1777485063216,1777485063343676456,1777485063343821588
1777485063216,1777485063344701026,1777485063344872398
1777485063216,1777485063345882730,1777485063346064476
1777485063216,1777485063347107048,1777485063347534004
1777485063216,1777485063348522367,1777485063348679399
1777485063216,1777485063349702953,1777485063349825812
1777485063216,1777485063351248047,1777485063351395416
1777485063216,1777485063352527692,1777485063352631634
1777485063216,1777485063352896370,1777485063353025433
1777485063216,1777485063353340310,1777485063355015179
1777485063216,1777485063356762258,1777485063356927528
1777485063284,1777485063357645256,1777485063357774522
1777485063284,1777485063358484521,1777485063358564766
1777485063284,1777485063358787906,1777485063358878219
1777485063835,1777485063663351935,1777485063663660506
1777485064292,1777485064127528210,1777485064127751361
1777485065192,1777485065038697965,1777485065038860575
1777485065192,1777485065039827253,1777485065040059914
1777485065192,1777485065040811494,1777485065040972287
1777485065192,1777485065041608092,1777485065041678244
1777485065192,1777485065042300119,1777485065042395202
1777485065192,1777485065042974179,1777485065043037063
1777485065322,1777485065170309969,1777485065170624591
1777485065535,1777485065385638563,1777485065385803293
1777485065585,1777485065435587043,1777485065435768024
1777485065585,1777485065436267462,1777485065436370418
1777485066730,1777485066590870636,1777485066591023888
1777485066730,1777485066591438867,1777485066591557906
1777485066730,1777485066591896812,1777485066591968457
1777485066730,1777485066592578347,1777485066592709059
1777485066730,1777485066593423095,1777485066593515268
1777485067078,1777485066940302368,1777485066940458639
1777485067170,1777485067032098067,1777485067032257426
1777485067466,1777485067329140294,1777485067329296141
1777485067492,1777485067355396200,1777485067355535991
1777485067708,1777485067571774759,1777485067571926190
1777485067880,1777485067744440773,1777485067744610669
1777485068243,1777485068108713435,1777485068108872614
1777485068970,1777485068837322354,1777485068837482134
1777485069069,1777485068936714042,1777485068936892043
